Aluenumero	Alue	Vaalipiiri	2.K Äänestysprosentti	2.K Ennakkoäänestysprosentti	2.K Ääniä yhteensä	2.K Äänioikeutettuja	2.K Äänioikeutettuja miehiä	2.K Pekka Haavisto ääniä	2.K Pekka Haavisto osuus	2.K Pekka Haavisto ennakkoääniä	2.K Pekka Haavisto ennakko osuus	2.K Sauli Niinistö ääniä	2.K Sauli Niinistö osuus	2.K Sauli Niinistö ennakkoääniä	2.K Sauli Niinistö ennakko osuus
2	091	Helsinki	01 Helsingin vaalipiiri	74.8	34.3	347816	502960	44.8	173282	49.8	77691	45.4	174534	50.2	93598	54.6
3	018	Askola	02 Uudenmaan vaalipiiri	68.5	34.3	2482	3696	50.4	797	32.1	386	30.7	1685	67.9	873	69.3
4	049	Espoo	02 Uudenmaan vaalipiiri	78.4	36.7	141666	188153	47.8	51400	36.3	22790	33.2	90266	63.7	45916	66.8
5	078	Hanko	02 Uudenmaan vaalipiiri	65.3	26.9	4923	8290	49.2	2103	42.7	840	38	2820	57.3	1368	62
6	092	Vantaa	02 Uudenmaan vaalipiiri	70.2	31.3	103478	152510	47.9	41373	40	17367	36.6	62105	60	30104	63.4
7	106	Hyvinkää	02 Uudenmaan vaalipiiri	67.6	26.1	23621	36329	47.8	9225	39.1	3273	34.9	14396	60.9	6116	65.1
8	149	Inkoo	02 Uudenmaan vaalipiiri	77.8	31.4	3291	4505	48.6	1315	40	524	37.3	1976	60	882	62.7
9	186	Järvenpää	02 Uudenmaan vaalipiiri	73.2	34.4	21779	30598	47.7	8638	39.7	3764	36	13141	60.3	6701	64
10	223	Karjalohja	02 Uudenmaan vaalipiiri	73.6	34.4	861	1197	48.2	342	39.7	136	33.3	519	60.3	273	66.7
11	224	Karkkila	02 Uudenmaan vaalipiiri	65.2	31.2	4556	7243	49	1858	40.8	820	36.6	2698	59.2	1420	63.4
12	235	Kauniainen	02 Uudenmaan vaalipiiri	85.8	43.4	5603	7087	46.2	1755	31.3	831	27.1	3848	68.7	2233	72.9
13	245	Kerava	02 Uudenmaan vaalipiiri	72	31.6	18735	26844	48	7531	40.2	3064	36.4	11204	59.8	5351	63.6
14	257	Kirkkonummi	02 Uudenmaan vaalipiiri	76.2	32.3	19955	26977	48.7	7617	38.2	2985	34.4	12338	61.8	5680	65.6
15	407	Lapinjärvi	02 Uudenmaan vaalipiiri	68.3	34.1	1544	2401	49.5	500	32.4	236	28.9	1044	67.6	580	71.1
16	434	Loviisa	02 Uudenmaan vaalipiiri	69.4	30.6	8567	13270	49.1	3229	37.7	1373	34.4	5338	62.3	2620	65.6
17	444	Lohja	02 Uudenmaan vaalipiiri	70.2	36.1	21059	31095	48.3	7820	37.1	3728	33.4	13239	62.9	7432	66.6
18	504	Myrskylä	02 Uudenmaan vaalipiiri	66.1	36.4	1034	1630	49.5	309	29.9	182	31.1	725	70.1	404	68.9
19	505	Mäntsälä	02 Uudenmaan vaalipiiri	68.8	31.5	9979	14845	49.2	3273	32.8	1372	29.5	6706	67.2	3272	70.5
20	540	Nummi-Pusula	02 Uudenmaan vaalipiiri	66.8	36	3134	4805	50.5	1100	35.1	567	33	2034	64.9	1151	67
21	543	Nurmijärvi	02 Uudenmaan vaalipiiri	73.5	35.1	20876	29078	49.2	6961	33.3	3114	30.7	13915	66.7	7021	69.3
22	611	Pornainen	02 Uudenmaan vaalipiiri	72.9	27.6	2522	3509	50.5	845	33.5	298	31.1	1677	66.5	661	68.9
23	616	Pukkila	02 Uudenmaan vaalipiiri	66.1	37.8	1009	1552	50.7	350	34.7	176	30.2	659	65.3	407	69.8
24	638	Porvoo	02 Uudenmaan vaalipiiri	72.7	41.2	26827	38729	48	10834	40.4	6104	38.5	15993	59.6	9748	61.5
25	710	Raasepori	02 Uudenmaan vaalipiiri	69.2	26.1	15684	24745	47.7	7428	47.4	2786	43.5	8256	52.6	3620	56.5
26	753	Sipoo	02 Uudenmaan vaalipiiri	76.7	29.2	10364	14120	48.3	3864	37.3	1397	34.4	6500	62.7	2668	65.6
27	755	Siuntio	02 Uudenmaan vaalipiiri	73.2	30.2	3237	4577	50.3	1282	39.6	530	38.5	1955	60.4	845	61.5
28	858	Tuusula	02 Uudenmaan vaalipiiri	74.1	32.1	20213	28102	49.3	6791	33.6	2811	31.4	13422	66.4	6154	68.6
29	927	Vihti	02 Uudenmaan vaalipiiri	71.7	38.3	14959	21389	48.8	5239	35	2615	32.1	9720	65	5525	67.9
30	019	Aura	03 Varsinais-Suomen vaalipiiri	71.2	36.2	2095	3008	48.6	695	33.2	345	31.9	1400	66.8	738	68.1
31	202	Kaarina	03 Varsinais-Suomen vaalipiiri	75	36.2	17491	23991	47.8	6231	35.6	2740	31.7	11260	64.4	5903	68.3
32	284	Koski Tl	03 Varsinais-Suomen vaalipiiri	69.2	34.8	1333	1976	48.8	346	26	171	25.3	987	74	505	74.7
33	304	Kustavi	03 Varsinais-Suomen vaalipiiri	74.4	44.1	560	784	49.1	151	27	80	23.4	409	73	262	76.6
34	322	Kemiönsaari	03 Varsinais-Suomen vaalipiiri	67.9	32.5	3941	6671	48.6	1578	40	819	38.2	2363	60	1327	61.8
35	400	Laitila	03 Varsinais-Suomen vaalipiiri	64.8	28.9	4239	6757	48.9	1106	26.1	441	22.7	3133	73.9	1503	77.3
36	423	Lieto	03 Varsinais-Suomen vaalipiiri	74.7	29.6	9050	12406	49.1	3085	34.1	1143	31.3	5965	65.9	2507	68.7
37	430	Loimaa	03 Varsinais-Suomen vaalipiiri	66.8	35.3	9044	13958	48.5	2601	28.8	1327	27.1	6443	71.2	3566	72.9
38	445	Parainen	03 Varsinais-Suomen vaalipiiri	72.7	33.3	8652	13455	48.2	3642	42.1	1672	39.1	5010	57.9	2608	60.9
39	480	Marttila	03 Varsinais-Suomen vaalipiiri	68.9	34.1	1102	1649	51.1	253	23	119	21.3	849	77	441	78.8
40	481	Masku	03 Varsinais-Suomen vaalipiiri	74.4	29.6	5118	7020	49.4	1633	31.9	601	29.2	3485	68.1	1459	70.8
41	503	Mynämäki	03 Varsinais-Suomen vaalipiiri	65.2	31.9	4085	6410	49.7	1307	32	590	29	2778	68	1446	71
42	529	Naantali	03 Varsinais-Suomen vaalipiiri	75.3	38.7	11069	15211	48	3557	32.1	1706	29.2	7512	67.9	4140	70.8
43	538	Nousiainen	03 Varsinais-Suomen vaalipiiri	71.7	28.4	2527	3603	50.1	781	30.9	276	27.2	1746	69.1	737	72.8
44	561	Oripää	03 Varsinais-Suomen vaalipiiri	70.4	33.4	741	1094	49.4	230	31	116	32.1	511	69	245	67.9
45	577	Paimio	03 Varsinais-Suomen vaalipiiri	72.2	34.4	5769	8160	48.4	1941	33.6	863	31	3828	66.4	1925	69
46	631	Pyhäranta	03 Varsinais-Suomen vaalipiiri	71.9	30.6	1259	1803	51.5	370	29.4	156	28.6	889	70.6	390	71.4
47	636	Pöytyä	03 Varsinais-Suomen vaalipiiri	67.7	35.5	4380	6645	50.8	1303	29.7	642	27.5	3077	70.3	1695	72.5
48	680	Raisio	03 Varsinais-Suomen vaalipiiri	69.6	33.5	13105	19480	48.1	4794	36.6	2184	33.7	8311	63.4	4291	66.3
49	704	Rusko	03 Varsinais-Suomen vaalipiiri	74.5	30.3	3184	4350	49.7	1081	34	393	29.9	2103	66	921	70.1
50	734	Salo	03 Varsinais-Suomen vaalipiiri	70.9	37.1	29933	43406	48.3	8335	27.8	4057	25.3	21598	72.2	11966	74.7
51	738	Sauvo	03 Varsinais-Suomen vaalipiiri	70.8	33.1	1657	2426	50.7	525	31.7	216	27.2	1132	68.3	579	72.8
52	761	Somero	03 Varsinais-Suomen vaalipiiri	66.4	32.5	4897	7580	49	1309	26.7	632	25.8	3588	73.3	1814	74.2
53	833	Taivassalo	03 Varsinais-Suomen vaalipiiri	68.6	36.6	958	1456	50.8	260	27.1	130	24.5	698	72.9	400	75.5
54	838	Tarvasjoki	03 Varsinais-Suomen vaalipiiri	72	28.7	1047	1480	49.1	286	27.3	94	22.2	761	72.7	329	77.8
55	853	Turku	03 Varsinais-Suomen vaalipiiri	71.2	38.3	102498	151893	45.6	46214	45.1	24592	42.5	56284	54.9	33280	57.5
56	895	Uusikaupunki	03 Varsinais-Suomen vaalipiiri	66.6	31.4	8533	13331	49.5	2696	31.6	1239	29.8	5837	68.4	2920	70.2
57	918	Vehmaa	03 Varsinais-Suomen vaalipiiri	68	32.2	1285	1962	48.8	381	29.6	162	26.1	904	70.4	458	73.9
58	050	Eura	04 Satakunnan vaalipiiri	66	34	6410	10092	49.3	2108	32.9	1079	31.7	4302	67.1	2320	68.3
59	051	Eurajoki	04 Satakunnan vaalipiiri	68.1	33	3038	4627	49.8	1006	33.1	418	31.1	2032	66.9	925	68.9
60	079	Harjavalta	04 Satakunnan vaalipiiri	62.4	37.2	3793	6272	47.2	1438	37.9	800	34.6	2355	62.1	1510	65.4
61	099	Honkajoki	04 Satakunnan vaalipiiri	57.2	31.5	842	1566	52.4	160	19	86	17.5	682	81	406	82.5
62	102	Huittinen	04 Satakunnan vaalipiiri	65.5	34.9	5538	8709	48.5	1498	27	776	25.7	4040	73	2245	74.3
63	181	Jämijärvi	04 Satakunnan vaalipiiri	62.4	41.5	1001	1661	49.5	219	21.9	136	19.8	782	78.1	551	80.2
64	214	Kankaanpää	04 Satakunnan vaalipiiri	66.9	42.8	6432	9982	48.4	1724	26.8	1106	26	4708	73.2	3140	74
65	230	Karvia	04 Satakunnan vaalipiiri	58.9	39	1251	2208	51.9	241	19.3	147	17.3	1010	80.7	703	82.7
66	254	Kiikoinen	04 Satakunnan vaalipiiri	70.1	35.2	704	1041	48.2	165	23.4	81	22.2	539	76.6	284	77.8
67	271	Kokemäki	04 Satakunnan vaalipiiri	64.4	29.5	4115	6562	48.5	1356	33	568	29.6	2759	67	1354	70.4
68	319	Köyliö	04 Satakunnan vaalipiiri	65	30.7	1458	2297	50.2	351	24.1	147	22.6	1107	75.9	504	77.4
69	413	Lavia	04 Satakunnan vaalipiiri	61.3	33.3	995	1678	50.5	269	27	146	26.4	726	73	408	73.6
70	442	Luvia	04 Satakunnan vaalipiiri	70.6	36.1	1816	2634	50	487	26.8	248	26.2	1329	73.2	700	73.8
71	484	Merikarvia	04 Satakunnan vaalipiiri	62.2	33.3	1703	2969	49.4	440	25.8	239	24.5	1263	74.2	737	75.5
72	531	Nakkila	04 Satakunnan vaalipiiri	67.6	35.1	3026	4648	49.2	913	30.2	414	25.6	2113	69.8	1202	74.4
73	608	Pomarkku	04 Satakunnan vaalipiiri	64.7	41.4	1260	2038	49.9	320	25.4	208	24.9	940	74.6	627	75.1
74	609	Pori	04 Satakunnan vaalipiiri	68.3	40.4	45619	69734	47.5	15609	34.2	8976	32.1	30010	65.8	19021	67.9
75	684	Rauma	04 Satakunnan vaalipiiri	69.8	40.8	22143	32932	48.3	7821	35.3	4486	33.6	14322	64.7	8871	66.4
76	747	Siikainen	04 Satakunnan vaalipiiri	59.2	39	802	1450	51.7	163	20.3	114	20.4	639	79.7	446	79.6
77	783	Säkylä	04 Satakunnan vaalipiiri	67.3	39.9	2533	3885	48.1	730	28.8	408	26.6	1803	71.2	1123	73.4
78	886	Ulvila	04 Satakunnan vaalipiiri	69.6	40.2	7298	10785	48.9	2300	31.5	1220	28.3	4998	68.5	3084	71.7
322	035	Brändö	05 Ahvenanmaan vaalipiiri	66.5	40.6	264	495	51.3	128	48.5	0	0	136	51.5	0	0
323	043	Eckerö	05 Ahvenanmaan vaalipiiri	53	15.2	382	921	48.3	234	61.3	85	61.2	148	38.7	54	38.8
324	060	Finström	05 Ahvenanmaan vaalipiiri	49.1	13.6	902	2214	47.9	533	59.1	119	55.6	369	40.9	95	44.4
325	062	Föglö	05 Ahvenanmaan vaalipiiri	55.6	27	237	585	50.4	96	40.5	70	44.6	141	59.5	87	55.4
326	065	Geta	05 Ahvenanmaan vaalipiiri	46.3	9.5	171	452	48.2	101	59.1	0	0	70	40.9	0	0
327	076	Hammarland	05 Ahvenanmaan vaalipiiri	48.8	10.7	541	1370	49.3	327	60.4	86	59.3	214	39.6	59	40.7
328	170	Jomala	05 Ahvenanmaan vaalipiiri	54.4	15.5	1617	3543	49.2	960	59.4	317	58.2	657	40.6	228	41.8
329	295	Kumlinge	05 Ahvenanmaan vaalipiiri	61.6	28	183	414	48.8	98	53.6	0	0	85	46.4	0	0
330	318	Kökar	05 Ahvenanmaan vaalipiiri	55.2	27.7	109	285	49.5	69	63.3	0	0	40	36.7	0	0
331	417	Lemland	05 Ahvenanmaan vaalipiiri	52.4	15.6	692	1591	49	427	61.7	109	54	265	38.3	93	46
332	438	Lumparland	05 Ahvenanmaan vaalipiiri	60.1	18.6	184	370	51.4	99	53.8	34	49.3	85	46.2	35	50.7
333	478	Maarianhamina	05 Ahvenanmaan vaalipiiri	60.2	23.2	5172	10840	44.6	3251	62.9	1481	59.2	1921	37.1	1019	40.8
334	736	Saltvik	05 Ahvenanmaan vaalipiiri	48.8	9	668	1697	48.9	385	57.6	84	55.3	283	42.4	68	44.7
335	766	Sottunga	05 Ahvenanmaan vaalipiiri	60	28.7	57	122	48.4	27	47.4	0	0	30	52.6	0	0
336	771	Sund	05 Ahvenanmaan vaalipiiri	54.4	15.3	428	995	48.9	249	58.2	92	60.9	179	41.8	59	39.1
337	941	Vårdö	05 Ahvenanmaan vaalipiiri	59.8	24.5	200	396	51.3	95	47.5	44	45.8	105	52.5	52	54.2
79	016	Asikkala	06 Hämeen vaalipiiri	70.2	37.5	4810	7012	49.2	1320	27.4	659	25.3	3490	72.6	1950	74.7
80	061	Forssa	06 Hämeen vaalipiiri	67.1	42.2	9611	14824	47.2	3541	36.8	2218	35.9	6070	63.2	3959	64.1
81	081	Hartola	06 Hämeen vaalipiiri	61.6	40.2	1700	2824	50.4	472	27.8	290	25.8	1228	72.2	835	74.2
82	082	Hattula	06 Hämeen vaalipiiri	71.4	38.5	5263	7636	49.3	1539	29.2	799	27.5	3724	70.8	2108	72.5
83	086	Hausjärvi	06 Hämeen vaalipiiri	67.4	29.7	4437	6833	50	1563	35.2	630	31.5	2874	64.8	1372	68.5
84	098	Hollola	06 Hämeen vaalipiiri	73.4	39.4	12106	16953	48.7	3519	29.1	1758	26.5	8587	70.9	4873	73.5
85	103	Humppila	06 Hämeen vaalipiiri	64.3	43.7	1252	2029	49.5	433	34.6	279	32.1	819	65.4	590	67.9
86	109	Hämeenlinna	06 Hämeen vaalipiiri	70.7	37.4	37633	54909	46.7	13060	34.7	6441	31.6	24573	65.3	13912	68.4
87	111	Heinola	06 Hämeen vaalipiiri	66	35.4	10805	17072	47.6	3558	32.9	1819	30.3	7247	67.1	4189	69.7
88	165	Janakkala	06 Hämeen vaalipiiri	66.8	34.2	8580	13177	49.2	3120	36.4	1486	33.3	5460	63.6	2978	66.7
89	169	Jokioinen	06 Hämeen vaalipiiri	69.7	36	2996	4403	48.8	1092	36.4	549	34.9	1904	63.6	1022	65.1
90	283	Hämeenkoski	06 Hämeen vaalipiiri	70.1	45.5	1191	1751	48.8	333	28	204	25.9	858	72	583	74.1
91	316	Kärkölä	06 Hämeen vaalipiiri	65.3	33.4	2455	3881	50.1	854	34.8	425	33	1601	65.2	862	67
92	398	Lahti	06 Hämeen vaalipiiri	69	41.4	56204	85760	46.2	20449	36.4	12143	34.4	35755	63.6	23111	65.6
93	433	Loppi	06 Hämeen vaalipiiri	69	29.1	4310	6424	51.1	1554	36.1	601	32.5	2756	63.9	1251	67.5
94	532	Nastola	06 Hämeen vaalipiiri	67.9	29.3	7762	11848	49.8	2539	32.7	1074	31.1	5223	67.3	2376	68.9
95	560	Orimattila	06 Hämeen vaalipiiri	64.4	32.3	8133	12967	49	2540	31.2	1234	29.7	5593	68.8	2921	70.3
96	576	Padasjoki	06 Hämeen vaalipiiri	66.4	42.3	1840	2886	49.4	517	28.1	319	26.4	1323	71.9	890	73.6
97	694	Riihimäki	06 Hämeen vaalipiiri	68.2	31.3	15223	23123	48.3	6120	40.2	2633	36.8	9103	59.8	4514	63.2
98	781	Sysmä	06 Hämeen vaalipiiri	65.4	42	2340	3676	48.5	592	25.3	354	23.1	1748	74.7	1178	76.9
99	834	Tammela	06 Hämeen vaalipiiri	70.9	37.6	3596	5193	49.7	1150	32	596	30.8	2446	68	1339	69.2
100	981	Ypäjä	06 Hämeen vaalipiiri	65	33	1314	2124	49.7	400	30.4	184	26.6	914	69.6	508	73.4
101	020	Akaa	07 Pirkanmaan vaalipiiri	66.1	34.3	8616	13518	49.2	3149	36.5	1527	33.3	5467	63.5	3064	66.7
102	108	Hämeenkyrö	07 Pirkanmaan vaalipiiri	64.6	38.6	5261	8362	49.2	1652	31.4	946	29.4	3609	68.6	2267	70.6
103	143	Ikaalinen	07 Pirkanmaan vaalipiiri	66.6	41.2	4013	6182	48.8	1200	29.9	717	28.4	2813	70.1	1811	71.6
104	177	Juupajoki	07 Pirkanmaan vaalipiiri	65.6	43.8	1066	1689	51.2	333	31.2	229	31.3	733	68.8	503	68.7
105	211	Kangasala	07 Pirkanmaan vaalipiiri	72.3	34.7	16126	22967	48.8	5176	32.1	2323	29.3	10950	67.9	5598	70.7
106	250	Kihniö	07 Pirkanmaan vaalipiiri	65.4	43.5	1171	1870	50.8	212	18.1	137	17	959	81.9	671	83
107	418	Lempäälä	07 Pirkanmaan vaalipiiri	73	33.3	10917	15402	49	3518	32.2	1519	29.8	7399	67.8	3572	70.2
108	508	Mänttä-Vilppula	07 Pirkanmaan vaalipiiri	61.6	34.6	5713	9741	48.7	1943	34	1054	31.7	3770	66	2274	68.3
109	536	Nokia	07 Pirkanmaan vaalipiiri	70.3	39.4	16922	24920	48.6	6544	38.7	3510	36	10378	61.3	6242	64
110	562	Orivesi	07 Pirkanmaan vaalipiiri	68.9	40.8	5266	7876	48.6	1655	31.4	943	29.7	3611	68.6	2235	70.3
111	581	Parkano	07 Pirkanmaan vaalipiiri	62.2	41	3489	5836	50	885	25.4	552	23.3	2604	74.6	1822	76.7
112	604	Pirkkala	07 Pirkanmaan vaalipiiri	78.3	44.7	10172	13328	48.9	3388	33.3	1842	31	6784	66.7	4101	69
113	619	Punkalaidun	07 Pirkanmaan vaalipiiri	66	33	1732	2733	50.9	453	26.2	221	24.8	1279	73.8	670	75.2
114	635	Pälkäne	07 Pirkanmaan vaalipiiri	69.2	36.6	3755	5580	49	1123	29.9	555	27.3	2632	70.1	1477	72.7
115	702	Ruovesi	07 Pirkanmaan vaalipiiri	67.1	40.4	2738	4256	50	908	33.2	549	32.2	1830	66.8	1155	67.8
116	790	Sastamala	07 Pirkanmaan vaalipiiri	66.1	34.6	12739	19891	48.6	3872	30.4	1920	28.1	8867	69.6	4917	71.9
117	837	Tampere	07 Pirkanmaan vaalipiiri	72.6	41.6	125886	181025	47.1	53217	42.3	29757	39.7	72669	57.7	45196	60.3
118	887	Urjala	07 Pirkanmaan vaalipiiri	63.6	36	2719	4422	49.1	801	29.5	409	26	1918	70.5	1166	74
119	908	Valkeakoski	07 Pirkanmaan vaalipiiri	66.5	31.3	10962	17264	48.3	4125	37.6	1828	34.2	6837	62.4	3519	65.8
120	922	Vesilahti	07 Pirkanmaan vaalipiiri	70.9	29.6	2216	3183	51	675	30.5	267	28.5	1541	69.5	671	71.5
121	936	Virrat	07 Pirkanmaan vaalipiiri	65.2	36.2	3975	6313	48.9	1168	29.4	635	27.9	2807	70.6	1637	72.1
122	980	Ylöjärvi	07 Pirkanmaan vaalipiiri	71.9	38	16136	23045	49.5	5364	33.2	2784	32	10772	66.8	5926	68
123	075	Hamina	08 Kymen vaalipiiri	65.3	31.6	11070	17515	48.7	3373	30.5	1521	27.6	7697	69.5	3980	72.4
124	142	Iitti	08 Kymen vaalipiiri	66.9	35.6	3808	5908	49.1	1201	31.5	624	30	2607	68.5	1458	70
125	153	Imatra	08 Kymen vaalipiiri	65.5	35	15062	24255	48	5273	35	2642	31.4	9789	65	5779	68.6
126	285	Kotka	08 Kymen vaalipiiri	66	28.5	28143	45194	48.2	11076	39.4	4440	35	17067	60.6	8240	65
127	286	Kouvola	08 Kymen vaalipiiri	66.5	36.1	46595	72961	48.2	15590	33.5	8015	30.7	31005	66.5	18106	69.3
128	405	Lappeenranta	08 Kymen vaalipiiri	68.1	39.4	38659	59170	48.6	12417	32.1	6871	29.7	26242	67.9	16271	70.3
129	416	Lemi	08 Kymen vaalipiiri	68.8	35.2	1629	2432	52.9	413	25.4	213	25	1216	74.6	638	75
130	441	Luumäki	08 Kymen vaalipiiri	68.8	35.8	2848	4248	50.6	727	25.5	342	22.6	2121	74.5	1168	77.4
131	489	Miehikkälä	08 Kymen vaalipiiri	60.1	33	1060	1816	51.5	197	18.6	108	18.2	863	81.4	485	81.8
132	580	Parikkala	08 Kymen vaalipiiri	61.8	36	2987	5028	49.6	693	23.2	375	20.9	2294	76.8	1420	79.1
133	624	Pyhtää	08 Kymen vaalipiiri	67.2	35.9	2803	4351	50.3	961	34.3	464	29.9	1842	65.7	1087	70.1
134	689	Rautjärvi	08 Kymen vaalipiiri	63.5	36.6	2039	3359	49.7	595	29.2	325	26.7	1444	70.8	891	73.3
135	700	Ruokolahti	08 Kymen vaalipiiri	67.9	38.7	3088	4683	49.6	800	25.9	434	24.5	2288	74.1	1335	75.5
136	739	Savitaipale	08 Kymen vaalipiiri	68.4	39.8	2179	3295	49.6	522	24	299	23.8	1657	76	957	76.2
137	775	Suomenniemi	08 Kymen vaalipiiri	70.4	38	451	655	52.7	118	26.2	51	20.8	333	73.8	194	79.2
138	831	Taipalsaari	08 Kymen vaalipiiri	75.4	37.6	2783	3805	50.5	746	26.8	321	23.1	2037	73.2	1070	76.9
139	935	Virolahti	08 Kymen vaalipiiri	65.9	38.4	1810	2859	49.6	475	26.2	266	24.4	1335	73.8	824	75.6
140	046	Enonkoski	09 Etelä-Savon vaalipiiri	61.4	39.9	792	1339	49.5	233	29.4	151	28.5	559	70.6	379	71.5
141	090	Heinävesi	09 Etelä-Savon vaalipiiri	62.7	40.5	1997	3322	51.2	580	29	384	28.8	1417	71	949	71.2
142	097	Hirvensalmi	09 Etelä-Savon vaalipiiri	63.5	45.3	1254	2058	50.3	330	26.3	236	25.7	924	73.7	684	74.3
143	171	Joroinen	09 Etelä-Savon vaalipiiri	63.9	32.8	2744	4437	50.1	918	33.5	424	29.2	1826	66.5	1029	70.8
144	178	Juva	09 Etelä-Savon vaalipiiri	64.3	37.3	3644	5817	49.9	906	24.9	522	24.2	2738	75.1	1631	75.8
145	213	Kangasniemi	09 Etelä-Savon vaalipiiri	62	39.8	3034	5091	49	855	28.2	538	26.9	2179	71.8	1463	73.1
146	246	Kerimäki	09 Etelä-Savon vaalipiiri	65.5	39.3	2888	4582	50.3	725	25.1	427	24	2163	74.9	1352	76
147	491	Mikkeli	09 Etelä-Savon vaalipiiri	67.7	35.3	26403	40348	47.6	8687	32.9	4128	29.3	17716	67.1	9973	70.7
148	507	Mäntyharju	09 Etelä-Savon vaalipiiri	62.6	38.7	3312	5464	49.1	988	29.8	562	26.8	2324	70.2	1536	73.2
149	588	Pertunmaa	09 Etelä-Savon vaalipiiri	62.1	34	985	1624	50.7	229	23.2	117	21.4	756	76.8	430	78.6
150	593	Pieksämäki	09 Etelä-Savon vaalipiiri	61	35.6	9874	16740	47.9	3310	33.5	1767	29.9	6564	66.5	4148	70.1
151	618	Punkaharju	09 Etelä-Savon vaalipiiri	64.9	44.5	1976	3150	50.2	557	28.2	375	27.1	1419	71.8	1010	72.9
152	623	Puumala	09 Etelä-Savon vaalipiiri	70	43.2	1464	2182	50.5	357	24.4	208	22.5	1107	75.6	718	77.5
153	681	Rantasalmi	09 Etelä-Savon vaalipiiri	63.2	44.7	2054	3367	50.1	615	29.9	438	29.6	1439	70.1	1044	70.4
154	696	Ristiina	09 Etelä-Savon vaalipiiri	66.2	36.7	2526	3948	49.9	764	30.2	370	29.2	1762	69.8	898	70.8
155	740	Savonlinna	09 Etelä-Savon vaalipiiri	67.7	44.3	15223	23332	46.8	4774	31.4	3058	29.9	10449	68.6	7175	70.1
156	768	Sulkava	09 Etelä-Savon vaalipiiri	61.9	38.3	1489	2489	50.3	382	25.7	235	25	1107	74.3	705	75
157	140	Iisalmi	10 Pohjois-Savon vaalipiiri	61.7	33.2	10962	18381	48	3995	36.4	2080	34.2	6967	63.6	3994	65.8
158	174	Juankoski	10 Pohjois-Savon vaalipiiri	53.8	30.4	2271	4349	50.5	783	34.5	433	33.2	1488	65.5	873	66.8
159	204	Kaavi	10 Pohjois-Savon vaalipiiri	51.3	33.9	1403	2859	50.3	417	29.7	270	28.1	986	70.3	690	71.9
160	239	Keitele	10 Pohjois-Savon vaalipiiri	61.9	37.3	1299	2202	51.5	404	31.1	234	28.9	895	68.9	577	71.1
161	263	Kiuruvesi	10 Pohjois-Savon vaalipiiri	56.1	36.3	4076	7577	49.7	1353	33.2	825	30.3	2723	66.8	1901	69.7
162	297	Kuopio	10 Pohjois-Savon vaalipiiri	67.6	36.8	52496	80272	46.8	20613	39.3	10715	36.5	31883	60.7	18660	63.5
163	402	Lapinlahti	10 Pohjois-Savon vaalipiiri	57.8	31.9	4744	8523	49.9	1619	34.1	865	32	3125	65.9	1835	68
164	420	Leppävirta	10 Pohjois-Savon vaalipiiri	63.3	32.7	5270	8588	50.4	1704	32.3	841	30.2	3566	67.7	1943	69.8
165	476	Maaninka	10 Pohjois-Savon vaalipiiri	59.6	31	1778	3088	50.6	566	31.8	287	30.2	1212	68.2	662	69.8
166	534	Nilsiä	10 Pohjois-Savon vaalipiiri	54.9	35.3	2889	5423	50.5	902	31.2	560	29.6	1987	68.8	1334	70.4
167	595	Pielavesi	10 Pohjois-Savon vaalipiiri	57.1	34.2	2303	4274	50.5	720	31.3	413	28.4	1583	68.7	1039	71.6
168	686	Rautalampi	10 Pohjois-Savon vaalipiiri	60.1	36	1701	2898	50.3	542	31.9	317	30.6	1159	68.1	718	69.4
169	687	Rautavaara	10 Pohjois-Savon vaalipiiri	49.1	34.9	789	1654	53.4	276	35	202	35.1	513	65	374	64.9
170	749	Siilinjärvi	10 Pohjois-Savon vaalipiiri	67.2	31.3	10632	16141	49.1	3775	35.5	1587	31.6	6857	64.5	3443	68.4
171	762	Sonkajärvi	10 Pohjois-Savon vaalipiiri	54.9	33.7	2062	3924	51.7	632	30.6	379	28.9	1430	69.4	931	71.1
172	778	Suonenjoki	10 Pohjois-Savon vaalipiiri	57.5	37.7	3547	6382	49.2	1102	31.1	705	29.4	2445	68.9	1691	70.6
173	844	Tervo	10 Pohjois-Savon vaalipiiri	59.3	36.8	865	1526	50.8	319	36.9	178	32.2	546	63.1	375	67.8
174	857	Tuusniemi	10 Pohjois-Savon vaalipiiri	55.5	38.1	1311	2432	50.7	385	29.4	259	28.2	926	70.6	661	71.8
175	915	Varkaus	10 Pohjois-Savon vaalipiiri	61.7	33	11265	19097	48.8	4102	36.4	2104	33.5	7163	63.6	4168	66.5
176	921	Vesanto	10 Pohjois-Savon vaalipiiri	61.5	43.5	1224	2062	50.9	406	33.2	282	31.8	818	66.8	605	68.2
177	925	Vieremä	10 Pohjois-Savon vaalipiiri	56.4	37	1768	3311	51.3	588	33.3	383	31.9	1180	66.7	819	68.1
178	146	Ilomantsi	11 Pohjois-Karjalan vaalipiiri	55.5	35.8	2736	5106	49.9	739	27	399	23.5	1997	73	1297	76.5
179	167	Joensuu	11 Pohjois-Karjalan vaalipiiri	65.8	37.7	38994	60708	47.7	16161	41.4	8947	39.3	22833	58.6	13791	60.7
180	176	Juuka	11 Pohjois-Karjalan vaalipiiri	52.5	32	2386	4695	51	704	29.5	386	25.8	1682	70.5	1108	74.2
181	248	Kesälahti	11 Pohjois-Karjalan vaalipiiri	60.3	39.4	1166	2005	50.1	303	26	204	25.9	863	74	583	74.1
182	260	Kitee	11 Pohjois-Karjalan vaalipiiri	59.2	34	4422	7674	49.7	1242	28.1	669	25.8	3180	71.9	1923	74.2
183	276	Kontiolahti	11 Pohjois-Karjalan vaalipiiri	68.4	35	6856	10216	50.6	2256	32.9	1037	29.9	4600	67.1	2429	70.1
184	309	Outokumpu	11 Pohjois-Karjalan vaalipiiri	57.7	33.9	3468	6268	49	1365	39.4	765	36.3	2103	60.6	1344	63.7
185	422	Lieksa	11 Pohjois-Karjalan vaalipiiri	57	36.6	5971	11153	50	1986	33.3	1277	31.6	3985	66.7	2760	68.4
186	426	Liperi	11 Pohjois-Karjalan vaalipiiri	65.6	38.8	6079	9513	50.4	2010	33.1	1132	31	4069	66.9	2525	69
187	541	Nurmes	11 Pohjois-Karjalan vaalipiiri	56.2	40.4	3902	7165	49	1290	33.1	920	32	2612	66.9	1955	68
188	607	Polvijärvi	11 Pohjois-Karjalan vaalipiiri	56.7	31.4	2195	3996	51.6	700	31.9	369	29.6	1495	68.1	876	70.4
189	707	Rääkkylä	11 Pohjois-Karjalan vaalipiiri	55.9	38.9	1174	2149	52.7	382	32.5	255	30.7	792	67.5	576	69.3
190	848	Tohmajärvi	11 Pohjois-Karjalan vaalipiiri	59.1	31.1	2369	4231	51.8	696	29.4	346	26.6	1673	70.6	957	73.4
191	911	Valtimo	11 Pohjois-Karjalan vaalipiiri	53.4	38.4	1093	2099	51.1	393	36	278	34.8	700	64	521	65.2
192	005	Alajärvi	12 Vaasan vaalipiiri	65.1	32.5	5068	8267	49.6	764	15.1	380	14.3	4304	84.9	2281	85.7
193	010	Alavus	12 Vaasan vaalipiiri	63.5	44	4581	7632	49.8	950	20.7	648	19.5	3631	79.3	2678	80.5
194	052	Evijärvi	12 Vaasan vaalipiiri	63.5	32.8	1349	2299	51.3	242	17.9	132	17.7	1107	82.1	612	82.3
195	074	Halsua	12 Vaasan vaalipiiri	64.3	37.9	656	1144	52.2	98	14.9	57	13.4	558	85.1	369	86.6
196	145	Ilmajoki	12 Vaasan vaalipiiri	68.4	36	6124	9372	49.6	1331	21.7	675	20.3	4793	78.3	2646	79.7
197	151	Isojoki	12 Vaasan vaalipiiri	57.1	30.2	1082	2165	50.4	213	19.7	119	18.5	869	80.3	524	81.5
198	152	Isokyrö	12 Vaasan vaalipiiri	67	41.1	2581	4156	49.9	540	20.9	343	20.4	2041	79.1	1341	79.6
199	164	Jalasjärvi	12 Vaasan vaalipiiri	63.4	39	4120	6846	49.5	776	18.8	470	17.7	3344	81.2	2178	82.3
200	217	Kannus	12 Vaasan vaalipiiri	64.9	33.8	2794	4734	48.9	674	24.1	341	21.5	2120	75.9	1247	78.5
201	218	Karijoki	12 Vaasan vaalipiiri	65.4	34.6	834	1459	51.7	164	19.7	107	21.4	670	80.3	392	78.6
202	231	Kaskinen	12 Vaasan vaalipiiri	67.4	40	775	1381	50.8	328	42.3	217	39.9	447	57.7	327	60.1
203	232	Kauhajoki	12 Vaasan vaalipiiri	62.3	36.7	6942	11897	50	1521	21.9	924	21.3	5421	78.1	3411	78.7
204	233	Kauhava	12 Vaasan vaalipiiri	64.2	37.9	8626	14220	49	1491	17.3	853	16	7135	82.7	4491	84
205	236	Kaustinen	12 Vaasan vaalipiiri	63.8	29.6	2102	3471	49.3	464	22.1	203	20	1638	77.9	814	80
206	272	Kokkola	12 Vaasan vaalipiiri	68.2	27.7	24120	38375	47.9	7044	29.2	2827	26.8	17076	70.8	7726	73.2
207	280	Korsnäs	12 Vaasan vaalipiiri	65	7.7	1091	2081	48.6	390	35.7	45	49.5	701	64.3	46	50.5
208	287	Kristiinankaupunki	12 Vaasan vaalipiiri	68.3	26.8	4040	7253	49	1221	30.2	513	28.8	2819	69.8	1271	71.2
209	288	Kruunupyy	12 Vaasan vaalipiiri	75.5	27.6	3880	5676	49.3	1037	26.7	406	26.8	2843	73.3	1109	73.2
210	300	Kuortane	12 Vaasan vaalipiiri	64.5	41.8	2024	3334	49.6	367	18.1	236	17.1	1657	81.9	1148	82.9
211	301	Kurikka	12 Vaasan vaalipiiri	63.4	38	7290	12126	49.4	1727	23.7	1082	23.7	5563	76.3	3474	76.3
212	399	Laihia	12 Vaasan vaalipiiri	66.4	36.3	4042	6301	49.7	978	24.2	485	21.4	3064	75.8	1785	78.6
213	403	Lappajärvi	12 Vaasan vaalipiiri	63.1	29.9	1761	2991	48.4	326	18.5	139	15.9	1435	81.5	737	84.1
214	408	Lapua	12 Vaasan vaalipiiri	68.9	39.9	7583	11485	49.1	1351	17.8	724	16	6232	82.2	3811	84
215	421	Lestijärvi	12 Vaasan vaalipiiri	61.5	44.1	432	777	51.9	98	22.7	80	23.4	334	77.3	262	76.6
216	440	Luoto	12 Vaasan vaalipiiri	81.9	16.2	2578	3374	49.9	587	22.8	181	33.3	1991	77.2	363	66.7
217	475	Maalahti	12 Vaasan vaalipiiri	65.8	15.1	2881	5100	49.2	1174	40.7	285	40.6	1707	59.3	417	59.4
218	499	Mustasaari	12 Vaasan vaalipiiri	71.5	18	10169	15709	49.4	3937	38.7	864	33.4	6232	61.3	1720	66.6
219	545	Närpiö	12 Vaasan vaalipiiri	61.1	16.4	4437	9058	49.3	1485	33.5	452	34.9	2952	66.5	843	65.1
220	584	Perho	12 Vaasan vaalipiiri	61.1	28.8	1234	2163	50.1	209	16.9	112	18.1	1025	83.1	507	81.9
221	598	Pietarsaari	12 Vaasan vaalipiiri	69.7	21.9	10466	17133	47.8	4396	42	1405	37.9	6070	58	2303	62.1
222	599	Pedersören kunta	12 Vaasan vaalipiiri	78.5	15.6	5992	8326	49.7	1572	26.2	352	30.5	4420	73.8	801	69.5
223	743	Seinäjoki	12 Vaasan vaalipiiri	69.8	45.9	31487	46530	47.5	7916	25.1	4832	22.9	23571	74.9	16294	77.1
224	759	Soini	12 Vaasan vaalipiiri	57.6	29.7	1075	2024	50.9	150	14	80	13.4	925	86	519	86.6
225	846	Teuva	12 Vaasan vaalipiiri	64.1	38.6	3024	5070	49.5	715	23.6	432	22.3	2309	76.4	1505	77.7
226	849	Toholampi	12 Vaasan vaalipiiri	65.5	29.4	1728	3008	50.2	390	22.6	203	23.2	1338	77.4	673	76.8
227	863	Töysä	12 Vaasan vaalipiiri	60.2	37.7	1434	2498	50.2	329	22.9	193	20.7	1105	77.1	739	79.3
228	893	Uusikaarlepyy	12 Vaasan vaalipiiri	68	14.7	3853	6600	49.7	1157	30	310	36	2696	70	551	64
229	905	Vaasa	12 Vaasan vaalipiiri	69.2	30	32184	51054	48.1	11970	37.2	5141	33.7	20214	62.8	10099	66.3
230	924	Veteli	12 Vaasan vaalipiiri	57.2	31.4	1552	2869	50.5	287	18.5	134	15	1265	81.5	758	85
231	934	Vimpeli	12 Vaasan vaalipiiri	59.1	30.4	1498	2743	49	402	26.8	203	24.7	1096	73.2	619	75.3
232	942	Vähäkyrö	12 Vaasan vaalipiiri	67.2	30.5	2398	3754	50.8	543	22.6	229	20.1	1855	77.4	910	79.9
233	946	Vöyri	12 Vaasan vaalipiiri	67	21	3459	6064	49.3	1105	31.9	315	30.6	2354	68.1	715	69.4
234	989	Ähtäri	12 Vaasan vaalipiiri	59.1	35.1	3034	5433	49.7	842	27.8	453	24.1	2192	72.2	1429	75.9
235	077	Hankasalmi	13 Keski-Suomen vaalipiiri	60.7	35.9	2681	4600	49.2	1031	38.5	593	36.1	1650	61.5	1049	63.9
236	172	Joutsa	13 Keski-Suomen vaalipiiri	63.1	39.3	2603	4229	50.2	857	32.9	502	30.5	1746	67.1	1146	69.5
237	179	Jyväskylä	13 Keski-Suomen vaalipiiri	70.4	38.9	72944	107703	47.6	34477	47.3	18736	45	38467	52.7	22855	55
238	182	Jämsä	13 Keski-Suomen vaalipiiri	63	34.9	11305	18630	49.3	4124	36.5	2132	33.1	7181	63.5	4301	66.9
239	216	Kannonkoski	13 Keski-Suomen vaalipiiri	58.7	34.1	745	1374	51.3	245	32.9	158	34.1	500	67.1	306	65.9
240	226	Karstula	13 Keski-Suomen vaalipiiri	57.4	30.8	2062	3955	50	576	27.9	299	24.9	1486	72.1	902	75.1
241	249	Keuruu	13 Keski-Suomen vaalipiiri	65.6	35.7	5622	8948	48.1	1986	35.3	997	31.4	3636	64.7	2178	68.6
242	256	Kinnula	13 Keski-Suomen vaalipiiri	63.5	31.7	915	1660	53.8	261	28.5	148	28.4	654	71.5	373	71.6
243	265	Kivijärvi	13 Keski-Suomen vaalipiiri	58.3	38.1	620	1194	51.4	158	25.5	107	23.8	462	74.5	343	76.2
244	275	Konnevesi	13 Keski-Suomen vaalipiiri	63	38.4	1517	2489	51.6	487	32.1	285	30.2	1030	67.9	660	69.8
245	291	Kuhmoinen	13 Keski-Suomen vaalipiiri	66.9	45	1446	2255	48.2	417	28.8	274	27.2	1029	71.2	734	72.8
246	312	Kyyjärvi	13 Keski-Suomen vaalipiiri	59.8	34.5	711	1337	50.7	151	21.2	94	20.7	560	78.8	360	79.3
247	410	Laukaa	13 Keski-Suomen vaalipiiri	65.4	31.4	8768	13784	49.5	3495	39.9	1638	38.1	5273	60.1	2666	61.9
248	435	Luhanka	13 Keski-Suomen vaalipiiri	63.5	31.2	439	711	52	112	25.5	53	24	327	74.5	168	76
249	495	Multia	13 Keski-Suomen vaalipiiri	59.2	31.9	891	1570	50.9	328	36.8	176	35.2	563	63.2	324	64.8
250	500	Muurame	13 Keski-Suomen vaalipiiri	71.8	33.8	4855	6934	50	1901	39.2	836	35.9	2954	60.8	1491	64.1
251	592	Petäjävesi	13 Keski-Suomen vaalipiiri	64.3	29.4	1960	3173	50.9	765	39	312	33.8	1195	61	611	66.2
252	601	Pihtipudas	13 Keski-Suomen vaalipiiri	55.1	28.8	1964	3799	49.1	672	34.2	314	31.6	1292	65.8	681	68.4
253	729	Saarijärvi	13 Keski-Suomen vaalipiiri	59.2	36.1	4973	8851	48.8	1717	34.5	1021	32.2	3256	65.5	2148	67.8
254	850	Toivakka	13 Keski-Suomen vaalipiiri	62.3	37	1197	1992	50.9	386	32.2	206	28.1	811	67.8	527	71.9
255	892	Uurainen	13 Keski-Suomen vaalipiiri	64.9	33.3	1614	2572	50.4	612	37.9	335	39.3	1002	62.1	518	60.7
256	931	Viitasaari	13 Keski-Suomen vaalipiiri	60.1	38.7	3533	6214	50.2	1332	37.7	857	36	2201	62.3	1524	64
257	992	Äänekoski	13 Keski-Suomen vaalipiiri	61.1	31.5	9638	16606	49.5	4264	44.2	2115	40.9	5374	55.8	3060	59.1
258	009	Alavieska	14 Oulun vaalipiiri	62.6	30.5	1283	2173	50.8	362	28.2	189	28.9	921	71.8	466	71.1
259	069	Haapajärvi	14 Oulun vaalipiiri	59.1	31	3355	6290	49.7	892	26.6	494	25.5	2463	73.4	1447	74.5
260	071	Haapavesi	14 Oulun vaalipiiri	60.5	29.4	3312	5839	50.5	862	26	452	26.5	2450	74	1251	73.5
261	072	Hailuoto	14 Oulun vaalipiiri	66.9	47.2	553	885	51.8	185	33.5	123	30.1	368	66.5	285	69.9
262	084	Haukipudas	14 Oulun vaalipiiri	65.7	27.8	8571	13939	49.9	3252	37.9	1330	34.6	5319	62.1	2510	65.4
263	105	Hyrynsalmi	14 Oulun vaalipiiri	48.6	26.3	1101	2464	51.2	340	30.9	165	30.1	761	69.1	384	69.9
264	139	Ii	14 Oulun vaalipiiri	62.7	35.5	4251	7171	50.9	1531	36	840	33.9	2720	64	1639	66.1
265	205	Kajaani	14 Oulun vaalipiiri	62.8	36.2	18668	30781	48.3	7189	38.5	4021	36.3	11479	61.5	7046	63.7
266	208	Kalajoki	14 Oulun vaalipiiri	66.2	28.5	6300	10208	50.3	1522	24.2	673	23.9	4778	75.8	2147	76.1
267	244	Kempele	14 Oulun vaalipiiri	69.9	39.6	7819	11409	49.3	2619	33.5	1370	30.5	5200	66.5	3117	69.5
268	255	Kiiminki	14 Oulun vaalipiiri	67.2	35.2	5853	8895	50.1	1921	32.8	921	29.9	3932	67.2	2155	70.1
269	290	Kuhmo	14 Oulun vaalipiiri	57.4	36.6	4444	8081	51.3	1106	24.9	591	24.5	3338	75.1	1817	75.5
270	305	Kuusamo	14 Oulun vaalipiiri	59.6	34.1	7709	14145	50.5	1908	24.8	1086	22.7	5801	75.2	3699	77.3
271	317	Kärsämäki	14 Oulun vaalipiiri	62.5	35.1	1342	2356	50.2	348	25.9	216	26.5	994	74.1	600	73.5
272	425	Liminka	14 Oulun vaalipiiri	69.5	37.1	3819	5653	50.5	1206	31.6	636	30.4	2613	68.4	1454	69.6
273	436	Lumijoki	14 Oulun vaalipiiri	62.4	33.8	837	1396	51.5	230	27.5	131	27.9	607	72.5	339	72.1
274	483	Merijärvi	14 Oulun vaalipiiri	62.7	31.8	549	990	51.9	105	19.1	55	17.6	444	80.9	257	82.4
275	494	Muhos	14 Oulun vaalipiiri	60.7	30.8	3766	6593	50	1285	34.1	654	32.5	2481	65.9	1357	67.5
276	535	Nivala	14 Oulun vaalipiiri	62.5	34.7	4935	8337	50.4	1248	25.3	703	24.4	3687	74.7	2175	75.6
277	563	Oulainen	14 Oulun vaalipiiri	64.9	31	3864	6381	48	1168	30.2	581	29.7	2696	69.8	1377	70.3
278	564	Oulu	14 Oulun vaalipiiri	69.1	38.1	77508	117491	48.2	32965	42.5	17535	39.5	44543	57.5	26902	60.5
279	567	Oulunsalo	14 Oulun vaalipiiri	73.5	42.8	4747	6616	50.2	1455	30.7	816	29	3292	69.3	2001	71
280	578	Paltamo	14 Oulun vaalipiiri	54.1	27.9	1660	3223	51.8	616	37.1	312	34.8	1044	62.9	584	65.2
281	615	Pudasjärvi	14 Oulun vaalipiiri	56.9	31.9	3928	7446	52	957	24.4	591	25.1	2971	75.6	1765	74.9
282	620	Puolanka	14 Oulun vaalipiiri	52.5	34.6	1321	2714	51	467	35.4	277	36.4	854	64.6	485	63.6
283	625	Pyhäjoki	14 Oulun vaalipiiri	64.2	31.4	1655	2809	50.8	541	32.7	297	34.1	1114	67.3	575	65.9
284	626	Pyhäjärvi	14 Oulun vaalipiiri	56.1	32.2	2692	5094	50	768	28.5	419	25.8	1924	71.5	1205	74.2
285	630	Pyhäntä	14 Oulun vaalipiiri	59.9	39.8	691	1195	52.5	181	26.2	109	23	510	73.8	365	77
286	678	Raahe	14 Oulun vaalipiiri	63.8	42	10844	17728	50.3	3931	36.3	2606	35.3	6913	63.7	4783	64.7
287	691	Reisjärvi	14 Oulun vaalipiiri	60.6	30.3	1358	2448	51.2	272	20	147	20.1	1086	80	586	79.9
288	697	Ristijärvi	14 Oulun vaalipiiri	55.5	37.1	705	1313	50.3	223	31.6	140	29.3	482	68.4	338	70.7
289	746	Sievi	14 Oulun vaalipiiri	65.4	29.7	2292	3831	50.9	486	21.2	234	20.7	1806	78.8	897	79.3
290	748	Siikajoki	14 Oulun vaalipiiri	61.5	32	2518	4409	51.1	761	30.2	420	29.9	1757	69.8	983	70.1
291	765	Sotkamo	14 Oulun vaalipiiri	58.6	31.6	4970	8800	49.5	1469	29.6	753	27.3	3501	70.4	2005	72.7
292	777	Suomussalmi	14 Oulun vaalipiiri	54.4	31.1	4100	8045	50.6	1391	33.9	838	33.8	2709	66.1	1639	66.2
293	785	Vaala	14 Oulun vaalipiiri	56.6	33.6	1507	2852	51.6	484	32.1	311	33.1	1023	67.9	629	66.9
294	791	Siikalatva	14 Oulun vaalipiiri	54	31.1	2594	5062	52.6	787	30.3	452	29.1	1807	69.7	1101	70.9
295	832	Taivalkoski	14 Oulun vaalipiiri	57.8	30.1	1966	3720	52.8	561	28.5	291	28.8	1405	71.5	718	71.2
296	859	Tyrnävä	14 Oulun vaalipiiri	66.1	31.1	2674	4186	50.9	847	31.7	389	30.2	1827	68.3	897	69.8
297	889	Utajärvi	14 Oulun vaalipiiri	56.1	29.6	1297	2497	52.1	354	27.3	183	29	943	72.7	448	71
298	926	Vihanti	14 Oulun vaalipiiri	60.5	29.9	1413	2505	51.5	453	32.1	248	33.8	960	67.9	485	66.2
299	972	Yli-Ii	14 Oulun vaalipiiri	58.9	37.6	920	1712	51.2	239	26	157	24.6	681	74	480	75.4
300	977	Ylivieska	14 Oulun vaalipiiri	65.5	35.6	6957	11077	49.1	2040	29.3	1069	27.4	4917	70.7	2836	72.6
301	047	Enontekiö	15 Lapin vaalipiiri	60.1	38.2	789	1888	50.2	295	31	147	35.5	656	69	267	64.5
302	148	Inari	15 Lapin vaalipiiri	62.8	39.3	3520	6093	51.8	1362	38.7	856	36.8	2158	61.3	1470	63.2
303	240	Kemi	15 Lapin vaalipiiri	59.3	33.3	10742	20267	48.1	4811	44.8	2837	42.5	5931	55.2	3833	57.5
304	241	Keminmaa	15 Lapin vaalipiiri	64.2	42.1	4224	7004	49.5	1505	35.6	976	33.5	2719	64.4	1938	66.5
305	261	Kittilä	15 Lapin vaalipiiri	60.5	34.9	2992	5402	49.4	1191	39.8	678	39.8	1801	60.2	1027	60.2
306	273	Kolari	15 Lapin vaalipiiri	60.9	32.2	1981	3815	50.1	1093	55.2	657	54.3	888	44.8	553	45.7
307	320	Kemijärvi	15 Lapin vaalipiiri	58.2	35.7	4166	8152	49.3	1259	30.2	840	29.2	2907	69.8	2040	70.8
308	498	Muonio	15 Lapin vaalipiiri	60.8	40	1129	2140	48.9	405	35.9	268	31.9	724	64.1	573	68.1
309	583	Pelkosenniemi	15 Lapin vaalipiiri	59.6	36.7	536	1128	53.6	226	42.2	168	40.7	310	57.8	245	59.3
310	614	Posio	15 Lapin vaalipiiri	54.4	39.1	1792	3661	51.6	413	23	307	21.6	1379	77	1115	78.4
311	683	Ranua	15 Lapin vaalipiiri	58.9	39.7	1894	3575	51.6	467	24.7	328	23.3	1427	75.3	1077	76.7
312	698	Rovaniemi	15 Lapin vaalipiiri	66.5	41.7	31426	50638	47.3	11946	38	7274	35.6	19480	62	13142	64.4
313	732	Salla	15 Lapin vaalipiiri	53.6	30	1912	4445	52.2	675	35.3	469	35.6	1237	64.7	848	64.4
314	742	Savukoski	15 Lapin vaalipiiri	58.9	44.6	573	1057	53.6	165	28.8	126	27.5	408	71.2	333	72.5
315	751	Simo	15 Lapin vaalipiiri	60.2	32.3	1621	2846	51.8	526	32.4	261	30	1095	67.6	608	70
316	758	Sodankylä	15 Lapin vaalipiiri	60.8	34.6	4361	7874	51.5	1327	30.4	645	28.7	3034	69.6	1604	71.3
317	845	Tervola	15 Lapin vaalipiiri	57.1	35.4	1552	3163	49.8	542	34.9	364	33	1010	65.1	738	67
318	851	Tornio	15 Lapin vaalipiiri	61.9	29.5	10597	20026	48.6	3987	37.6	2068	35.4	6610	62.4	3778	64.6
319	854	Pello	15 Lapin vaalipiiri	62.4	38.4	2152	4061	49.3	883	41	626	40.5	1269	59	920	59.5
320	890	Utsjoki	15 Lapin vaalipiiri	64.1	31.1	686	1285	50.5	256	37.3	141	39.6	430	62.7	215	60.4
321	976	Ylitornio	15 Lapin vaalipiiri	57.4	27.7	2319	5077	48	889	38.3	493	38.3	1430	61.7	793	61.7
